location_id,line,current_text,required_action
design_definition,295,"For the cross-country evidence beyond Brazil, the treated sample is restricted to what we call ""durable periods"" where China is the top export-destination. We call a ""durable period"" where China is the largest goods export destination and that China-top period lasts at least five consecutive observed years, after an observed prior year in which China was not number one. Since I am interested in  a rising power becoming number 1, specifically China, I restrict the treatment to years in or after 2000, when it is more plausible that China was seen as a rising power and the status cue would trigger a foreign policy change. ","Replace the prose with a source-specific, consecutive-calendar-year definition."
main_treatment_definition,1026,I therefore estimate the same treatment logic in a goods-only status-current panel: treated country-years are those where China is rank 1 among goods export destinations and the China-top period lasts at least five observed years. Never-China-top countries remain controls. Short China-top episodes and post-exit off-status years for treated countries are removed from the main risk set. This analysis evaluates whether the rank-threshold pattern is compatible with evidence beyond the theory-generating case while matching the durable treatment observed in Brazil. The corresponding estimand is the ATT on absolute UNGA ideal-point distance to China for country-years in qualifying China-top periods.,Replace 'five observed years' and state how missing trade and outcome data differ.
intro_result_object,107,cross_country_results_intro <- tar_read(,Point the introduction to targets rebuilt under the corrected rule.
main_result_object,1033,m2_model_results <- tar_read(china_top_m2_goods_status_current_model_results),Replace the old results target after integrating the full-join construction.
main_result_prose,1089,"The preferred cross-country specification is the no-covariate IFE model on the goods-only restricted risk set. The estimate is `r fmt3(main_cross_s$att)` ideal-point units (bootstrap SE = `r fmt3(main_cross_s$se)`, 95 percent CI [`r fmt3(main_cross_s$ci_lo)`, `r fmt3(main_cross_s$ci_hi)`], p = `r format_p(main_cross_s$p)`). It corresponds to about `r fmt1(main_cross_s$att_rel_pct)` percent of the pre-treatment mean distance to China, or `r fmt3(main_cross_s$att_sd_units)` standard deviations of the outcome. `r sig_sentence(main_cross_s$att, main_cross_s$p)` The clean single-entry robustness estimate is `r fmt3(clean_cross_s$att)` (p = `r format_p(clean_cross_s$p)`).  Appendix Tables \@ref(tab:cross-country-duration-table) and \@ref(tab:cross-country-audit-table) report duration-threshold robustness and sample-coding audits.","Refresh ATT, uncertainty, unit counts, and factor-sensitivity language."
dynamic_figure,1156,"Figure \@ref(fig:cross-country-dynamic) separates the event-time estimates from the pooled post-entry ATT for the main goods-only restricted-risk-set IFE specification. The pre-entry estimates shown in gray are centered near zero. Nineteen of the twenty post-entry point estimates are negative, with the largest reductions appearing approximately six to twelve years after entry, but most horizon-specific 95 percent intervals cross zero because each estimate uses only the countries observed at that horizon. The labels above selected horizons show how this support declines over time. The orange dashed line and band report the pooled ATT (`r fmt3(main_cross_s$att)`, 95 percent CI [`r fmt3(main_cross_s$ci_lo)`, `r fmt3(main_cross_s$ci_hi)`]) across `r main_cross_s$n_treated_country_years` treated country-years. This is a treated-period-weighted average, not a cumulative effect, which explains how the aggregate estimate can be distinguishable from zero even when most pointwise intervals are not.",Regenerate the dynamic figure from the corrected fit and audit its support labels.
duration_robustness,1623,"The main cross-country estimate uses a five-year durability threshold because the theory concerns status that persists long enough to become politically usable. Table \@ref(tab:cross-country-duration-table) reports the same goods-only IFE design under three- and seven-year thresholds, along with the clean single-entry robustness sample. The estimates remain negative across the restricted-risk-set rows, though precision varies with treated-unit support.",Re-estimate 3/7-year and clean single-entry checks under the same corrected construction.
sample_audit,1685,The revised rank metric excludes services before partner ranks are computed. Table \@ref(tab:cross-country-sector-table) documents the ITPD-E broad-sector filter. Table \@ref(tab:cross-country-audit-table) then summarizes how the five-year goods-only rule classifies countries in the UNGA/trade panel.,Replace the country audit with full-union roles and explicit row-level exclusions.
treated_country_table,1946,"Table \@ref(tab:table-treated-appendix) describes the `r n_treated_abs` treated countries in the main goods-only restricted-risk-set specification. For each country, the table reports the first qualifying China-top goods-export year and the number of treated and untreated country-years retained in the estimation panel.",Regenerate treated-country counts and retained years from the corrected panel.
