query_partner,act_id,date_celebration,year,subject,is_principal
China,7548,2014-07-16,2014,Consulares e Migratórios,True
China,7550,2014-07-16,2014,Defesa e Segurança,True
China,7336,2012-06-21,2012,Educação e Cultura,True
China,7337,2012-06-21,2012,Cooperação e Desenvolvimento,True
China,7338,2012-06-21,2012,"Economia, Finanças e Tributos",True
China,7101,2011-04-12,2011,Defesa e Segurança,True
China,7102,2011-04-12,2011,Cooperação e Desenvolvimento,True
China,6962,2010-09-14,2010,Relações Diplomáticas e Consulares,True
China,6693,2010-04-16,2010,Educação e Cultura,True
China,6694,2010-04-16,2010,"Ciência, Tecnologia e Inovação",True
China,6692,2010-04-15,2010,Cooperação e Desenvolvimento,True
China,6371,2009-05-19,2009,"Direito, Justiça & Segurança Pública",True
China,6372,2009-05-19,2009,Energia e Recursos Estratégicos,True
China,6373,2009-05-19,2009,Cooperação e Desenvolvimento,True
China,6319,2009-02-19,2009,Energia e Recursos Estratégicos,True
China,5643,2006-06-05,2006,Energia e Recursos Estratégicos,True
China,5644,2006-06-05,2006,Energia e Recursos Estratégicos,True
China,5594,2006-03-23,2006,Educação e Cultura,True
China,5423,2005-08-17,2005,Meio Ambiente e Sustentabilidade,True
China,5247,2004-11-12,2004,"Direito, Justiça & Segurança Pública",True
China,5248,2004-11-12,2004,"Direito, Justiça & Segurança Pública",True
China,5249,2004-11-12,2004,Cooperação e Desenvolvimento,True
China,5250,2004-11-12,2004,"Economia, Finanças e Tributos",True
China,5251,2004-11-12,2004,Serviços e Transporte,True
China,5252,2004-11-12,2004,Mar e Espaço,True
China,5253,2004-11-12,2004,Mar e Espaço,True
China,5255,2004-11-12,2004,"Agricultura, Pecuária e Pesca",True
China,5170,2004-05-24,2004,"Direito, Justiça & Segurança Pública",True
China,5171,2004-05-24,2004,Consulares e Migratórios,True
China,5172,2004-05-24,2004,Cooperação e Desenvolvimento,True
China,5173,2004-05-24,2004,Consulares e Migratórios,True
China,5174,2004-05-24,2004,Cooperação e Desenvolvimento,True
China,5175,2004-05-24,2004,"Agricultura, Pecuária e Pesca",True
China,5176,2004-05-24,2004,Mar e Espaço,True
China,5177,2004-05-24,2004,Serviços e Transporte,True
China,5178,2004-05-24,2004,Cooperação e Desenvolvimento,True
China,5179,2004-05-24,2004,"Trabalho, Saúde e Previdência",True
China,5180,2004-05-24,2004,"Trabalho, Saúde e Previdência",True
China,5015,2003-09-24,2003,Energia e Recursos Estratégicos,True
China,4935,2002-12-02,2002,Cooperação e Desenvolvimento,True
China,4934,2002-11-27,2002,Meio Ambiente e Sustentabilidade,True
China,4779,2001-11-12,2001,Educação e Cultura,True
China,4670,2000-09-21,2000,Meio Ambiente e Sustentabilidade,True
China,4662,2000-08-17,2000,Consulares e Migratórios,True
Índia,7546,2014-07-16,2014,Relações Diplomáticas e Consulares,True
Índia,7547,2014-07-16,2014,Mar e Espaço,True
Índia,7549,2014-07-16,2014,Meio Ambiente e Sustentabilidade,True
Índia,7481,2013-10-15,2013,"Economia, Finanças e Tributos",True
Índia,7482,2013-10-15,2013,"Direito, Justiça & Segurança Pública",True
Índia,7279,2012-03-30,2012,"Direito, Justiça & Segurança Pública",True
Índia,7280,2012-03-30,2012,Cooperação e Desenvolvimento,True
Índia,7282,2012-03-30,2012,Educação e Cultura,True
Índia,7283,2012-03-30,2012,Cooperação e Desenvolvimento,True
Índia,7071,2011-03-08,2011,Serviços e Transporte,True
Índia,6073,2008-04-16,2008,"Direito, Justiça & Segurança Pública",True
Índia,6074,2008-04-16,2008,"Direito, Justiça & Segurança Pública",True
Índia,6075,2008-04-16,2008,Energia e Recursos Estratégicos,True
Índia,6076,2008-04-16,2008,"Agricultura, Pecuária e Pesca",True
Índia,6029,2008-02-18,2008,"Direito, Justiça & Segurança Pública",True
Índia,6030,2008-02-18,2008,Cooperação e Desenvolvimento,True
Índia,6031,2008-02-18,2008,Cooperação e Desenvolvimento,True
Índia,5930,2007-09-12,2007,Relações Diplomáticas e Consulares,True
Índia,5851,2007-06-04,2007,Educação e Cultura,True
Índia,5852,2007-06-04,2007,Mar e Espaço,True
Índia,5816,2007-05-04,2007,"Economia, Finanças e Tributos",True
Índia,5677,2006-09-12,2006,Serviços e Transporte,True
Índia,5678,2006-09-12,2006,"Ciência, Tecnologia e Inovação",True
Índia,5679,2006-09-12,2006,Cooperação e Desenvolvimento,True
Índia,5680,2006-09-12,2006,Educação e Cultura,True
Índia,5551,2006-02-02,2006,Educação e Cultura,True
Índia,5552,2006-02-02,2006,Relações Diplomáticas e Consulares,True
Índia,5550,2006-02-01,2006,Cooperação e Desenvolvimento,True
Índia,5139,2004-01-25,2004,Serviços e Transporte,True
Índia,5140,2004-01-25,2004,Consulares e Migratórios,True
Índia,5141,2004-01-25,2004,Educação e Cultura,True
Índia,5143,2004-01-25,2004,Mar e Espaço,True
Índia,5118,2003-12-01,2003,Defesa e Segurança,True
Índia,4896,2002-08-22,2002,Cooperação e Desenvolvimento,True
Índia,4833,2002-04-08,2002,Energia e Recursos Estratégicos,True
África do Sul,7472,2013-09-16,2013,Meio Ambiente e Sustentabilidade,True
África do Sul,6937,2010-08-24,2010,"Trabalho, Saúde e Previdência",True
África do Sul,6938,2010-08-24,2010,Cooperação e Desenvolvimento,True
África do Sul,6869,2010-07-09,2010,Cooperação e Desenvolvimento,True
África do Sul,6518,2009-10-09,2009,Cooperação e Desenvolvimento,True
África do Sul,6519,2009-10-09,2009,Cooperação e Desenvolvimento,True
África do Sul,6520,2009-10-09,2009,Comércio Internacional e Investimentos,True
África do Sul,6415,2009-07-07,2009,Educação e Cultura,True
África do Sul,6087,2008-05-11,2008,"Economia, Finanças e Tributos",True
África do Sul,5455,2005-09-13,2005,Cooperação e Desenvolvimento,True
África do Sul,5095,2003-11-08,2003,"Economia, Finanças e Tributos",True
África do Sul,5096,2003-11-08,2003,"Ciência, Tecnologia e Inovação",True
África do Sul,5098,2003-11-08,2003,Educação e Cultura,True
África do Sul,4976,2003-06-04,2003,Defesa e Segurança,True
África do Sul,4691,2000-12-13,2000,Cooperação e Desenvolvimento,True
África do Sul,4692,2000-12-13,2000,Cooperação e Desenvolvimento,True
África do Sul,4608,2000-03-01,2000,Cooperação e Desenvolvimento,True
Argentina,7564,2014-11-20,2014,Cooperação e Desenvolvimento,True
Argentina,7510,2014-01-29,2014,"Direito, Justiça & Segurança Pública",True
Argentina,7464,2013-08-15,2013,Energia e Recursos Estratégicos,True
Argentina,7399,2012-12-10,2012,Consulares e Migratórios,True
Argentina,7384,2012-11-22,2012,"Agricultura, Pecuária e Pesca",True
Argentina,7385,2012-11-22,2012,Meio Ambiente e Sustentabilidade,True
Argentina,7386,2012-11-22,2012,Cooperação e Desenvolvimento,True
Argentina,7387,2012-11-22,2012,Cooperação e Desenvolvimento,True
Argentina,7388,2012-11-22,2012,Cooperação e Desenvolvimento,True
Argentina,7389,2012-11-22,2012,Energia e Recursos Estratégicos,True
Argentina,7390,2012-11-22,2012,"Agricultura, Pecuária e Pesca",True
Argentina,7044,2011-01-31,2011,"Fronteira, Infraestrutura e Integração Regional",True
Argentina,7045,2011-01-31,2011,Energia e Recursos Estratégicos,True
Argentina,7046,2011-01-31,2011,Cooperação e Desenvolvimento,True
Argentina,7047,2011-01-31,2011,"Fronteira, Infraestrutura e Integração Regional",True
Argentina,7048,2011-01-31,2011,Comércio Internacional e Investimentos,True
Argentina,7049,2011-01-31,2011,"Ciência, Tecnologia e Inovação",True
Argentina,7050,2011-01-31,2011,"Fronteira, Infraestrutura e Integração Regional",True
Argentina,7051,2011-01-31,2011,Cooperação e Desenvolvimento,True
Argentina,7052,2011-01-31,2011,Cooperação e Desenvolvimento,True
Argentina,6899,2010-08-03,2010,Energia e Recursos Estratégicos,True
Argentina,6900,2010-08-03,2010,Cooperação e Desenvolvimento,True
Argentina,6901,2010-08-03,2010,Cooperação e Desenvolvimento,True
Argentina,6559,2009-11-18,2009,Serviços e Transporte,True
Argentina,6560,2009-11-18,2009,"Trabalho, Saúde e Previdência",True
Argentina,6561,2009-11-18,2009,Cooperação e Desenvolvimento,True
Argentina,6564,2009-11-18,2009,Energia e Recursos Estratégicos,True
Argentina,6354,2009-04-23,2009,Cooperação e Desenvolvimento,True
Argentina,6221,2008-09-08,2008,"Economia, Finanças e Tributos",True
Argentina,6222,2008-09-08,2008,Cooperação e Desenvolvimento,True
Argentina,6223,2008-09-08,2008,Cooperação e Desenvolvimento,True
Argentina,6224,2008-09-08,2008,Energia e Recursos Estratégicos,True
Argentina,6042,2008-02-22,2008,Cooperação e Desenvolvimento,True
Argentina,6032,2008-02-21,2008,Serviços e Transporte,True
Argentina,6033,2008-02-21,2008,Meio Ambiente e Sustentabilidade,True
Argentina,6034,2008-02-21,2008,Educação e Cultura,True
Argentina,6035,2008-02-21,2008,"Ciência, Tecnologia e Inovação",True
Argentina,6036,2008-02-21,2008,"Ciência, Tecnologia e Inovação",True
Argentina,6037,2008-02-21,2008,"Agricultura, Pecuária e Pesca",True
Argentina,6038,2008-02-21,2008,"Trabalho, Saúde e Previdência",True
Argentina,6039,2008-02-21,2008,"Fronteira, Infraestrutura e Integração Regional",True
Argentina,6040,2008-02-21,2008,Energia e Recursos Estratégicos,True
Argentina,6041,2008-02-21,2008,Energia e Recursos Estratégicos,True
Argentina,5984,2007-12-07,2007,"Fronteira, Infraestrutura e Integração Regional",True
Argentina,5824,2007-05-16,2007,"Economia, Finanças e Tributos",True
Argentina,5730,2006-11-30,2006,"Agricultura, Pecuária e Pesca",True
Argentina,5657,2006-07-19,2006,Cooperação e Desenvolvimento,True
Argentina,5620,2006-05-23,2006,Cooperação e Desenvolvimento,True
Argentina,5496,2005-11-30,2005,Cooperação e Desenvolvimento,True
Argentina,5497,2005-11-30,2005,Energia e Recursos Estratégicos,True
Argentina,5498,2005-11-30,2005,Energia e Recursos Estratégicos,True
Argentina,5499,2005-11-30,2005,Energia e Recursos Estratégicos,True
Argentina,5500,2005-11-30,2005,Meio Ambiente e Sustentabilidade,True
Argentina,5501,2005-11-30,2005,Comércio Internacional e Investimentos,True
Argentina,5502,2005-11-30,2005,Consulares e Migratórios,True
Argentina,5503,2005-11-30,2005,Consulares e Migratórios,True
Argentina,5504,2005-11-30,2005,Consulares e Migratórios,True
Argentina,5505,2005-11-30,2005,"Fronteira, Infraestrutura e Integração Regional",True
Argentina,5506,2005-11-30,2005,"Direito, Justiça & Segurança Pública",True
Argentina,5507,2005-11-30,2005,Defesa e Segurança,True
Argentina,5508,2005-11-30,2005,Defesa e Segurança,True
Argentina,5509,2005-11-30,2005,"Fronteira, Infraestrutura e Integração Regional",True
Argentina,5510,2005-11-30,2005,Cooperação e Desenvolvimento,True
Argentina,5511,2005-11-30,2005,"Trabalho, Saúde e Previdência",True
Argentina,5512,2005-11-30,2005,Energia e Recursos Estratégicos,True
Argentina,5520,2005-11-30,2005,"Agricultura, Pecuária e Pesca",True
Argentina,5425,2005-08-22,2005,"Trabalho, Saúde e Previdência",True
Argentina,5332,2005-02-18,2005,Cooperação e Desenvolvimento,True
Argentina,5165,2004-04-30,2004,"Direito, Justiça & Segurança Pública",True
Argentina,5036,2003-10-16,2003,Cooperação e Desenvolvimento,True
Argentina,5037,2003-10-16,2003,Energia e Recursos Estratégicos,True
Argentina,5038,2003-10-16,2003,"Economia, Finanças e Tributos",True
Argentina,5039,2003-10-16,2003,"Direito, Justiça & Segurança Pública",True
Argentina,5040,2003-10-16,2003,Comércio Internacional e Investimentos,True
Argentina,5041,2003-10-16,2003,Consulares e Migratórios,True
Argentina,5042,2003-10-16,2003,Cooperação e Desenvolvimento,True
Argentina,5043,2003-10-16,2003,"Direito, Justiça & Segurança Pública",True
Argentina,4998,2003-08-15,2003,Cooperação e Desenvolvimento,True
Argentina,4992,2003-07-30,2003,Cooperação e Desenvolvimento,True
Argentina,4960,2003-04-11,2003,Cooperação e Desenvolvimento,True
Argentina,4938,2002-12-09,2002,Defesa e Segurança,True
Argentina,4936,2002-12-02,2002,Relações Diplomáticas e Consulares,True
Argentina,4870,2002-07-05,2002,Cooperação e Desenvolvimento,True
Argentina,4746,2001-08-14,2001,Energia e Recursos Estratégicos,True
Argentina,4747,2001-08-14,2001,Cooperação e Desenvolvimento,True
Argentina,4748,2001-08-14,2001,Meio Ambiente e Sustentabilidade,True
Argentina,4749,2001-08-14,2001,Relações Diplomáticas e Consulares,True
Argentina,4750,2001-08-14,2001,Consulares e Migratórios,True
Argentina,4717,2001-06-11,2001,Educação e Cultura,True
Argentina,4713,2001-05-08,2001,Mar e Espaço,True
Argentina,4693,2000-12-15,2000,Serviços e Transporte,True
Argentina,4634,2000-06-15,2000,Cooperação e Desenvolvimento,True
Argentina,4635,2000-06-15,2000,Cooperação e Desenvolvimento,True
Paraguai,7313,2012-05-24,2012,Cooperação e Desenvolvimento,True
Paraguai,7141,2011-06-28,2011,"Direito, Justiça & Segurança Pública",True
Paraguai,7142,2011-06-28,2011,Cooperação e Desenvolvimento,True
Paraguai,7143,2011-06-28,2011,Cooperação e Desenvolvimento,True
Paraguai,7144,2011-06-28,2011,Cooperação e Desenvolvimento,True
Paraguai,6756,2010-05-05,2010,Cooperação e Desenvolvimento,True
Paraguai,6753,2010-05-03,2010,Cooperação e Desenvolvimento,True
Paraguai,6754,2010-05-03,2010,Cooperação e Desenvolvimento,True
Paraguai,6755,2010-05-03,2010,"Ciência, Tecnologia e Inovação",True
Paraguai,6540,2009-11-03,2009,Cooperação e Desenvolvimento,True
Paraguai,6535,2009-10-27,2009,Cooperação e Desenvolvimento,True
Paraguai,6482,2009-09-01,2009,Comércio Internacional e Investimentos,True
Paraguai,6427,2009-07-25,2009,Cooperação e Desenvolvimento,True
Paraguai,11813,2008-10-20,2008,Cooperação e Desenvolvimento,True
Paraguai,6245,2008-10-15,2008,Cooperação e Desenvolvimento,True
Paraguai,6064,2008-04-09,2008,"Agricultura, Pecuária e Pesca",True
Paraguai,6065,2008-04-09,2008,Cooperação e Desenvolvimento,True
Paraguai,5906,2007-08-08,2007,Cooperação e Desenvolvimento,True
Paraguai,5858,2007-06-28,2007,Cooperação e Desenvolvimento,True
Paraguai,5825,2007-05-21,2007,Defesa e Segurança,True
Paraguai,5826,2007-05-21,2007,Defesa e Segurança,True
Paraguai,5827,2007-05-21,2007,"Agricultura, Pecuária e Pesca",True
Paraguai,5828,2007-05-21,2007,Educação e Cultura,True
Paraguai,5829,2007-05-21,2007,Educação e Cultura,True
Paraguai,5830,2007-05-21,2007,Comércio Internacional e Investimentos,True
Paraguai,5831,2007-05-21,2007,Cooperação e Desenvolvimento,True
Paraguai,5832,2007-05-21,2007,Educação e Cultura,True
Paraguai,5833,2007-05-21,2007,Cooperação e Desenvolvimento,True
Paraguai,5834,2007-05-21,2007,Educação e Cultura,True
Paraguai,5835,2007-05-21,2007,Educação e Cultura,True
Paraguai,5836,2007-05-21,2007,"Trabalho, Saúde e Previdência",True
Paraguai,5837,2007-05-21,2007,"Agricultura, Pecuária e Pesca",True
Paraguai,5838,2007-05-21,2007,Cooperação e Desenvolvimento,True
Paraguai,5803,2007-04-12,2007,Educação e Cultura,True
Paraguai,5771,2007-03-02,2007,Educação e Cultura,True
Paraguai,5746,2007-01-19,2007,Energia e Recursos Estratégicos,True
Paraguai,5719,2006-11-23,2006,"Trabalho, Saúde e Previdência",True
Paraguai,5720,2006-11-23,2006,"Agricultura, Pecuária e Pesca",True
Paraguai,5721,2006-11-23,2006,Energia e Recursos Estratégicos,True
Paraguai,5722,2006-11-23,2006,Serviços e Transporte,True
Paraguai,5723,2006-11-23,2006,"Agricultura, Pecuária e Pesca",True
Paraguai,5724,2006-11-23,2006,"Trabalho, Saúde e Previdência",True
Paraguai,5725,2006-11-23,2006,"Fronteira, Infraestrutura e Integração Regional",True
Paraguai,5726,2006-11-23,2006,"Direito, Justiça & Segurança Pública",True
Paraguai,5727,2006-11-23,2006,Cooperação e Desenvolvimento,True
Paraguai,5675,2006-09-11,2006,Energia e Recursos Estratégicos,True
Paraguai,5676,2006-09-11,2006,Cooperação e Desenvolvimento,True
Paraguai,5526,2005-12-08,2005,"Fronteira, Infraestrutura e Integração Regional",True
Paraguai,5527,2005-12-08,2005,Cooperação e Desenvolvimento,True
Paraguai,5394,2005-06-20,2005,"Direito, Justiça & Segurança Pública",True
Paraguai,5344,2005-03-31,2005,Meio Ambiente e Sustentabilidade,True
Paraguai,5236,2004-10-22,2004,Cooperação e Desenvolvimento,True
Paraguai,5160,2004-03-29,2004,"Agricultura, Pecuária e Pesca",True
Paraguai,5034,2003-10-14,2003,"Trabalho, Saúde e Previdência",True
Paraguai,5035,2003-10-14,2003,"Fronteira, Infraestrutura e Integração Regional",True
Paraguai,4999,2003-08-16,2003,Cooperação e Desenvolvimento,True
Paraguai,4947,2002-12-18,2002,"Trabalho, Saúde e Previdência",True
Paraguai,4899,2002-09-09,2002,"Direito, Justiça & Segurança Pública",True
Paraguai,4857,2002-05-29,2002,"Economia, Finanças e Tributos",True
Paraguai,4858,2002-05-29,2002,"Economia, Finanças e Tributos",True
Paraguai,4807,2002-01-15,2002,Cooperação e Desenvolvimento,True
Paraguai,4681,2000-11-13,2000,Cooperação e Desenvolvimento,True
Paraguai,4667,2000-09-20,2000,"Trabalho, Saúde e Previdência",True
Paraguai,4668,2000-09-20,2000,"Economia, Finanças e Tributos",True
Paraguai,4669,2000-09-20,2000,"Trabalho, Saúde e Previdência",True
Paraguai,4629,2000-05-12,2000,Relações Diplomáticas e Consulares,True
Paraguai,4605,2000-02-10,2000,"Direito, Justiça & Segurança Pública",True
Paraguai,4606,2000-02-10,2000,Defesa e Segurança,True
México,7356,2012-08-07,2012,Meio Ambiente e Sustentabilidade,True
México,7317,2012-06-11,2012,Meio Ambiente e Sustentabilidade,True
México,7318,2012-06-11,2012,Meio Ambiente e Sustentabilidade,True
México,7319,2012-06-11,2012,"Trabalho, Saúde e Previdência",True
México,7320,2012-06-11,2012,"Agricultura, Pecuária e Pesca",True
México,7321,2012-06-11,2012,"Agricultura, Pecuária e Pesca",True
México,7322,2012-06-11,2012,"Agricultura, Pecuária e Pesca",True
México,7323,2012-06-11,2012,"Agricultura, Pecuária e Pesca",True
México,7324,2012-06-11,2012,"Agricultura, Pecuária e Pesca",True
México,7325,2012-06-11,2012,"Agricultura, Pecuária e Pesca",True
México,7326,2012-06-11,2012,"Trabalho, Saúde e Previdência",True
México,7327,2012-06-11,2012,"Agricultura, Pecuária e Pesca",True
México,7188,2011-09-06,2011,Consulares e Migratórios,True
México,6635,2010-02-23,2010,"Direito, Justiça & Segurança Pública",True
México,6439,2009-08-11,2009,Cooperação e Desenvolvimento,True
México,6440,2009-08-11,2009,"Trabalho, Saúde e Previdência",True
México,6441,2009-08-11,2009,Cooperação e Desenvolvimento,True
México,6442,2009-08-11,2009,Cooperação e Desenvolvimento,True
México,6443,2009-08-11,2009,"Trabalho, Saúde e Previdência",True
México,6444,2009-08-11,2009,Cooperação e Desenvolvimento,True
México,6445,2009-08-11,2009,Cooperação e Desenvolvimento,True
México,6446,2009-08-11,2009,Cooperação e Desenvolvimento,True
México,6447,2009-08-11,2009,Cooperação e Desenvolvimento,True
México,6448,2009-08-11,2009,Cooperação e Desenvolvimento,True
México,6449,2009-08-11,2009,Cooperação e Desenvolvimento,True
México,6450,2009-08-11,2009,Cooperação e Desenvolvimento,True
México,6451,2009-08-11,2009,Cooperação e Desenvolvimento,True
México,6452,2009-08-11,2009,Cooperação e Desenvolvimento,True
México,6453,2009-08-11,2009,Cooperação e Desenvolvimento,True
México,6454,2009-08-11,2009,Cooperação e Desenvolvimento,True
México,6455,2009-08-11,2009,Cooperação e Desenvolvimento,True
México,6456,2009-08-11,2009,"Trabalho, Saúde e Previdência",True
México,6426,2009-07-23,2009,Relações Diplomáticas e Consulares,True
México,5977,2007-11-29,2007,Educação e Cultura,True
México,5883,2007-08-06,2007,"Direito, Justiça & Segurança Pública",True
México,5884,2007-08-06,2007,Energia e Recursos Estratégicos,True
México,5786,2007-03-28,2007,Cooperação e Desenvolvimento,True
México,5016,2003-09-25,2003,"Economia, Finanças e Tributos",True
México,4969,2003-05-13,2003,"Ciência, Tecnologia e Inovação",True
México,4876,2002-07-24,2002,Cooperação e Desenvolvimento,True
México,4712,2001-05-02,2001,"Trabalho, Saúde e Previdência",True
México,4686,2000-11-23,2000,Consulares e Migratórios,True
Indonésia,7231,2011-11-16,2011,Comércio Internacional e Investimentos,True
Indonésia,6274,2008-11-18,2008,Energia e Recursos Estratégicos,True
Indonésia,6275,2008-11-18,2008,"Agricultura, Pecuária e Pesca",True
Indonésia,6276,2008-11-18,2008,"Direito, Justiça & Segurança Pública",True
Indonésia,6277,2008-11-18,2008,Cooperação e Desenvolvimento,True
Indonésia,6167,2008-07-12,2008,Consulares e Migratórios,True
Indonésia,6168,2008-07-12,2008,Educação e Cultura,True
Indonésia,6169,2008-07-12,2008,Energia e Recursos Estratégicos,True
Indonésia,5922,2007-08-22,2007,Cooperação e Desenvolvimento,True
Turquia,7198,2011-10-07,2011,"Direito, Justiça & Segurança Pública",True
Turquia,7199,2011-10-07,2011,"Direito, Justiça & Segurança Pública",True
Turquia,7033,2010-12-16,2010,"Economia, Finanças e Tributos",True
Turquia,6984,2010-10-21,2010,Relações Diplomáticas e Consulares,True
Turquia,6782,2010-05-27,2010,"Economia, Finanças e Tributos",True
Turquia,6783,2010-05-27,2010,Educação e Cultura,True
Turquia,6784,2010-05-27,2010,Cooperação e Desenvolvimento,True
Turquia,5541,2006-01-19,2006,Cooperação e Desenvolvimento,True
Turquia,5542,2006-01-19,2006,Relações Diplomáticas e Consulares,True
Turquia,4997,2003-08-14,2003,Defesa e Segurança,True
Turquia,4753,2001-08-20,2001,Consulares e Migratórios,True
Uruguai,7511,2014-01-29,2014,"Direito, Justiça & Segurança Pública",True
Uruguai,7489,2013-11-07,2013,"Fronteira, Infraestrutura e Integração Regional",True
Uruguai,7456,2013-07-09,2013,Cooperação e Desenvolvimento,True
Uruguai,7457,2013-07-09,2013,Consulares e Migratórios,True
Uruguai,7375,2012-10-23,2012,"Economia, Finanças e Tributos",True
Uruguai,7121,2011-05-30,2011,"Ciência, Tecnologia e Inovação",True
Uruguai,7122,2011-05-30,2011,Defesa e Segurança,True
Uruguai,7123,2011-05-30,2011,Cooperação e Desenvolvimento,True
Uruguai,7124,2011-05-30,2011,Cooperação e Desenvolvimento,True
Uruguai,7125,2011-05-30,2011,Cooperação e Desenvolvimento,True
Uruguai,7126,2011-05-30,2011,Cooperação e Desenvolvimento,True
Uruguai,7127,2011-05-30,2011,Cooperação e Desenvolvimento,True
Uruguai,7128,2011-05-30,2011,Cooperação e Desenvolvimento,True
Uruguai,7129,2011-05-30,2011,Cooperação e Desenvolvimento,True
Uruguai,7130,2011-05-30,2011,Cooperação e Desenvolvimento,True
Uruguai,7131,2011-05-30,2011,Cooperação e Desenvolvimento,True
Uruguai,7132,2011-05-30,2011,"Trabalho, Saúde e Previdência",True
Uruguai,7021,2010-12-03,2010,Meio Ambiente e Sustentabilidade,True
Uruguai,7022,2010-12-03,2010,"Direito, Justiça & Segurança Pública",True
Uruguai,7023,2010-12-03,2010,"Direito, Justiça & Segurança Pública",True
Uruguai,7024,2010-12-03,2010,"Trabalho, Saúde e Previdência",True
Uruguai,7025,2010-12-03,2010,Cooperação e Desenvolvimento,True
Uruguai,7026,2010-12-03,2010,Cooperação e Desenvolvimento,True
Uruguai,6895,2010-07-30,2010,Serviços e Transporte,True
Uruguai,6896,2010-07-30,2010,Cooperação e Desenvolvimento,True
Uruguai,6897,2010-07-30,2010,Defesa e Segurança,True
Uruguai,6376,2009-05-25,2009,"Trabalho, Saúde e Previdência",True
Uruguai,6377,2009-05-25,2009,Meio Ambiente e Sustentabilidade,True
Uruguai,6378,2009-05-25,2009,"Trabalho, Saúde e Previdência",True
Uruguai,6326,2009-03-10,2009,Cooperação e Desenvolvimento,True
Uruguai,6327,2009-03-10,2009,Serviços e Transporte,True
Uruguai,6328,2009-03-10,2009,Cooperação e Desenvolvimento,True
Uruguai,6286,2008-11-28,2008,"Trabalho, Saúde e Previdência",True
Uruguai,6156,2008-07-04,2008,Cooperação e Desenvolvimento,True
Uruguai,6120,2008-05-30,2008,"Trabalho, Saúde e Previdência",True
Uruguai,6121,2008-05-30,2008,Energia e Recursos Estratégicos,True
Uruguai,6122,2008-05-30,2008,"Trabalho, Saúde e Previdência",True
Uruguai,6104,2008-05-20,2008,"Fronteira, Infraestrutura e Integração Regional",True
Uruguai,5878,2007-07-24,2007,"Trabalho, Saúde e Previdência",True
Uruguai,5765,2007-02-26,2007,Energia e Recursos Estratégicos,True
Uruguai,5766,2007-02-26,2007,Comércio Internacional e Investimentos,True
Uruguai,5767,2007-02-26,2007,"Fronteira, Infraestrutura e Integração Regional",True
Uruguai,5768,2007-02-26,2007,"Fronteira, Infraestrutura e Integração Regional",True
Uruguai,5710,2006-11-22,2006,Educação e Cultura,True
Uruguai,5711,2006-11-22,2006,"Agricultura, Pecuária e Pesca",True
Uruguai,5712,2006-11-22,2006,Meio Ambiente e Sustentabilidade,True
Uruguai,5713,2006-11-22,2006,Cooperação e Desenvolvimento,True
Uruguai,5714,2006-11-22,2006,Meio Ambiente e Sustentabilidade,True
Uruguai,5715,2006-11-22,2006,"Trabalho, Saúde e Previdência",True
Uruguai,5716,2006-11-22,2006,Meio Ambiente e Sustentabilidade,True
Uruguai,5717,2006-11-22,2006,"Trabalho, Saúde e Previdência",True
Uruguai,5718,2006-11-22,2006,"Agricultura, Pecuária e Pesca",True
Uruguai,5665,2006-08-29,2006,"Direito, Justiça & Segurança Pública",True
Uruguai,5617,2006-05-19,2006,"Direito, Justiça & Segurança Pública",True
Uruguai,5591,2006-03-16,2006,Consulares e Migratórios,True
Uruguai,5592,2006-03-16,2006,Cooperação e Desenvolvimento,True
Uruguai,5413,2005-07-29,2005,"Fronteira, Infraestrutura e Integração Regional",True
Uruguai,5345,2005-04-01,2005,Serviços e Transporte,True
Uruguai,5346,2005-04-01,2005,"Agricultura, Pecuária e Pesca",True
Uruguai,5347,2005-04-01,2005,Educação e Cultura,True
Uruguai,5348,2005-04-01,2005,Energia e Recursos Estratégicos,True
Uruguai,5349,2005-04-01,2005,"Agricultura, Pecuária e Pesca",True
Uruguai,5350,2005-04-01,2005,Cooperação e Desenvolvimento,True
Uruguai,5261,2004-11-18,2004,"Economia, Finanças e Tributos",True
Uruguai,5232,2004-09-14,2004,Serviços e Transporte,True
Uruguai,5230,2004-09-02,2004,"Direito, Justiça & Segurança Pública",True
Uruguai,5161,2004-04-14,2004,"Direito, Justiça & Segurança Pública",True
Uruguai,4995,2003-07-31,2003,"Trabalho, Saúde e Previdência",True
Uruguai,4983,2003-06-24,2003,Cooperação e Desenvolvimento,True
Uruguai,4978,2003-06-18,2003,"Trabalho, Saúde e Previdência",True
Uruguai,4922,2002-10-22,2002,"Direito, Justiça & Segurança Pública",True
Uruguai,4882,2002-08-21,2002,Cooperação e Desenvolvimento,True
Uruguai,4883,2002-08-21,2002,"Fronteira, Infraestrutura e Integração Regional",True
Uruguai,4884,2002-08-21,2002,Relações Diplomáticas e Consulares,True
Uruguai,4885,2002-08-21,2002,Cooperação e Desenvolvimento,True
Uruguai,4695,2000-12-27,2000,Cooperação e Desenvolvimento,True
Uruguai,4684,2000-11-21,2000,"Fronteira, Infraestrutura e Integração Regional",True
